timestamp,occupancy,ambient_light,label
2025-04-11 00:13:49,1,105,decrease_light
2025-04-11 00:13:50,1,106,decrease_light
2025-04-11 00:13:50,1,68,decrease_light
2025-04-11 00:13:51,1,45,occupied_ok
2025-04-11 00:13:51,1,132,decrease_light
2025-04-11 00:13:52,1,105,decrease_light
2025-04-11 00:13:52,1,77,decrease_light
2025-04-11 00:13:53,1,72,decrease_light
2025-04-11 00:13:53,1,69,decrease_light
2025-04-11 00:13:54,1,61,decrease_light
2025-04-11 00:13:54,1,56,occupied_ok
2025-04-11 00:13:55,1,74,decrease_light
2025-04-11 00:13:55,1,74,decrease_light
2025-04-11 00:13:56,1,73,decrease_light
2025-04-11 00:13:56,1,74,decrease_light
2025-04-11 00:13:57,1,72,decrease_light
2025-04-11 00:13:57,1,59,occupied_ok
2025-04-11 00:13:58,1,65,decrease_light
2025-04-11 00:13:58,1,67,decrease_light
2025-04-11 00:13:59,1,68,decrease_light
2025-04-11 00:13:59,1,66,decrease_light
2025-04-11 00:14:00,1,64,decrease_light
2025-04-11 00:14:00,1,63,decrease_light
2025-04-11 00:14:01,1,63,decrease_light
2025-04-11 00:14:01,1,62,decrease_light
2025-04-11 00:14:02,1,61,decrease_light
2025-04-11 00:14:02,0,61,unoccupied_off
2025-04-11 00:14:03,0,61,unoccupied_off
2025-04-11 00:14:03,0,60,unoccupied_off
2025-04-11 00:14:04,0,57,unoccupied_off
2025-04-11 00:14:04,0,60,unoccupied_off
2025-04-11 00:14:05,0,60,unoccupied_off
2025-04-11 00:14:05,0,60,unoccupied_off
2025-04-11 00:14:06,0,60,unoccupied_off
2025-04-11 00:14:06,1,59,occupied_ok
2025-04-11 00:14:07,1,59,occupied_ok
2025-04-11 00:14:07,1,59,occupied_ok
2025-04-11 00:14:08,1,59,occupied_ok
2025-04-11 00:14:08,1,59,occupied_ok
2025-04-11 00:14:09,1,59,occupied_ok
2025-04-11 00:14:09,1,59,occupied_ok
2025-04-11 00:14:10,1,59,occupied_ok
2025-04-11 00:14:10,1,59,occupied_ok
2025-04-11 00:14:11,0,59,unoccupied_off
2025-04-11 00:14:11,0,58,unoccupied_off
2025-04-11 00:14:12,0,58,unoccupied_off
2025-04-11 00:14:12,0,58,unoccupied_off
2025-04-11 00:14:13,0,58,unoccupied_off
2025-04-11 00:14:13,0,58,unoccupied_off
2025-04-11 00:14:14,0,58,unoccupied_off
2025-04-11 00:14:14,0,58,unoccupied_off
2025-04-11 00:14:15,0,58,unoccupied_off
2025-04-11 00:14:15,0,58,unoccupied_off
2025-04-11 00:14:16,0,58,unoccupied_off
2025-04-11 00:14:16,0,58,unoccupied_off
2025-04-11 00:14:17,0,58,unoccupied_off
2025-04-11 00:14:17,0,59,unoccupied_off
2025-04-11 00:14:18,0,59,unoccupied_off
2025-04-11 00:14:18,0,59,unoccupied_off
2025-04-11 00:14:19,0,59,unoccupied_off
2025-04-11 00:14:19,0,59,unoccupied_off
2025-04-11 00:14:20,0,59,unoccupied_off
2025-04-11 00:14:20,0,59,unoccupied_off
2025-04-11 00:14:21,0,59,unoccupied_off
2025-04-11 00:14:21,0,58,unoccupied_off
2025-04-11 00:14:22,0,59,unoccupied_off
2025-04-11 00:14:22,0,59,unoccupied_off
2025-04-11 00:14:23,0,59,unoccupied_off
2025-04-11 00:14:23,0,59,unoccupied_off
2025-04-11 00:14:24,0,59,unoccupied_off
2025-04-11 00:14:24,0,59,unoccupied_off
2025-04-11 00:14:25,0,59,unoccupied_off
2025-04-11 00:14:25,0,59,unoccupied_off
2025-04-11 00:14:26,0,58,unoccupied_off
2025-04-11 00:14:26,0,59,unoccupied_off
2025-04-11 00:14:27,0,58,unoccupied_off
2025-04-11 00:14:27,0,58,unoccupied_off
2025-04-11 00:14:28,0,58,unoccupied_off
2025-04-11 00:14:28,0,58,unoccupied_off
2025-04-11 00:14:29,0,58,unoccupied_off
2025-04-11 00:14:29,0,58,unoccupied_off
2025-04-11 00:14:30,0,58,unoccupied_off
2025-04-11 00:14:30,0,58,unoccupied_off
2025-04-11 00:14:31,0,58,unoccupied_off
2025-04-11 00:14:31,0,58,unoccupied_off
2025-04-11 00:14:32,0,58,unoccupied_off
2025-04-11 00:14:32,0,58,unoccupied_off
2025-04-11 00:14:33,0,58,unoccupied_off
2025-04-11 00:14:33,0,58,unoccupied_off
2025-04-11 00:14:34,0,57,unoccupied_off
2025-04-11 00:14:34,0,57,unoccupied_off
2025-04-11 00:14:35,0,57,unoccupied_off
2025-04-11 00:14:35,0,58,unoccupied_off
2025-04-11 00:14:36,0,58,unoccupied_off
2025-04-11 00:14:36,0,58,unoccupied_off
2025-04-11 00:14:37,0,58,unoccupied_off
2025-04-11 00:14:37,0,58,unoccupied_off
2025-04-11 00:14:38,0,58,unoccupied_off
2025-04-11 00:14:38,0,58,unoccupied_off
2025-04-11 00:14:39,0,58,unoccupied_off
2025-04-11 00:14:39,0,58,unoccupied_off
2025-04-11 00:14:40,0,58,unoccupied_off
2025-04-11 00:14:40,0,58,unoccupied_off
2025-04-11 00:14:41,0,58,unoccupied_off
2025-04-11 00:14:41,0,58,unoccupied_off
2025-04-11 00:14:42,0,58,unoccupied_off
2025-04-11 00:14:42,0,58,unoccupied_off
2025-04-11 00:14:43,0,57,unoccupied_off
2025-04-11 00:14:43,0,57,unoccupied_off
2025-04-11 00:14:44,0,57,unoccupied_off
2025-04-11 00:14:44,0,57,unoccupied_off
2025-04-11 00:14:45,0,57,unoccupied_off
2025-04-11 00:14:45,0,57,unoccupied_off
2025-04-11 00:14:46,0,57,unoccupied_off
2025-04-11 00:14:46,0,57,unoccupied_off
2025-04-11 00:14:47,0,57,unoccupied_off
2025-04-11 00:14:47,0,57,unoccupied_off
2025-04-11 00:14:48,0,57,unoccupied_off
2025-04-11 00:14:48,0,57,unoccupied_off
2025-04-11 00:14:49,0,57,unoccupied_off
2025-04-11 00:14:49,0,57,unoccupied_off
2025-04-11 00:14:50,0,57,unoccupied_off
2025-04-11 00:14:50,0,57,unoccupied_off
2025-04-11 00:14:51,0,57,unoccupied_off
2025-04-11 00:14:51,0,57,unoccupied_off
2025-04-11 00:14:52,0,57,unoccupied_off
2025-04-11 00:14:52,0,57,unoccupied_off
2025-04-11 00:14:53,0,57,unoccupied_off
2025-04-11 00:14:53,0,57,unoccupied_off
2025-04-11 00:14:54,0,57,unoccupied_off
2025-04-11 00:14:54,0,57,unoccupied_off
2025-04-11 00:14:55,0,57,unoccupied_off
2025-04-11 00:14:55,0,57,unoccupied_off
2025-04-11 00:14:56,0,57,unoccupied_off
2025-04-11 00:14:56,0,57,unoccupied_off
2025-04-11 00:14:57,0,57,unoccupied_off
2025-04-11 00:14:57,0,57,unoccupied_off
2025-04-11 00:14:58,0,57,unoccupied_off
2025-04-11 00:14:58,0,57,unoccupied_off
2025-04-11 00:14:59,0,57,unoccupied_off
2025-04-11 00:14:59,0,57,unoccupied_off
2025-04-11 00:15:00,0,57,unoccupied_off
2025-04-11 00:15:00,0,57,unoccupied_off
2025-04-11 00:15:01,0,57,unoccupied_off
2025-04-11 00:15:01,0,57,unoccupied_off
2025-04-11 00:15:02,0,57,unoccupied_off
2025-04-11 00:15:02,0,57,unoccupied_off
2025-04-11 00:15:03,0,57,unoccupied_off
2025-04-11 00:15:03,0,57,unoccupied_off
2025-04-11 00:15:04,0,57,unoccupied_off
2025-04-11 00:15:04,0,57,unoccupied_off
2025-04-11 00:15:05,0,57,unoccupied_off
2025-04-11 00:15:05,0,57,unoccupied_off
2025-04-11 00:15:06,0,57,unoccupied_off
2025-04-11 00:15:06,0,57,unoccupied_off
2025-04-11 00:15:07,0,57,unoccupied_off
2025-04-11 00:15:07,0,57,unoccupied_off
2025-04-11 00:15:08,0,57,unoccupied_off
2025-04-11 00:15:08,0,57,unoccupied_off
2025-04-11 00:15:09,0,57,unoccupied_off
2025-04-11 00:15:09,0,57,unoccupied_off
2025-04-11 00:15:10,0,56,unoccupied_off
2025-04-11 00:15:10,0,57,unoccupied_off
2025-04-11 00:15:11,0,57,unoccupied_off
2025-04-11 00:15:11,0,56,unoccupied_off
2025-04-11 00:15:12,0,57,unoccupied_off
2025-04-11 00:15:12,0,57,unoccupied_off
2025-04-11 00:15:13,0,57,unoccupied_off
2025-04-11 00:15:13,0,56,unoccupied_off
2025-04-11 00:15:14,0,57,unoccupied_off
2025-04-11 00:15:14,0,56,unoccupied_off
2025-04-11 00:15:15,0,56,unoccupied_off
2025-04-11 00:15:15,0,56,unoccupied_off
2025-04-11 00:15:16,0,56,unoccupied_off
2025-04-11 00:15:16,0,57,unoccupied_off
2025-04-11 00:15:17,0,56,unoccupied_off
2025-04-11 00:15:17,0,57,unoccupied_off
2025-04-11 00:15:18,0,57,unoccupied_off
2025-04-11 00:15:18,0,56,unoccupied_off
2025-04-11 00:15:19,0,56,unoccupied_off
2025-04-11 00:15:19,0,56,unoccupied_off
2025-04-11 00:15:20,0,56,unoccupied_off
2025-04-11 00:15:20,0,56,unoccupied_off
2025-04-11 00:15:21,0,56,unoccupied_off
2025-04-11 00:15:21,0,56,unoccupied_off
2025-04-11 00:15:22,0,56,unoccupied_off
2025-04-11 00:15:22,0,56,unoccupied_off
2025-04-11 00:15:23,0,56,unoccupied_off
2025-04-11 00:15:23,0,39,unoccupied_off
2025-04-11 00:15:24,0,20,unoccupied_off
2025-04-11 00:15:24,0,22,unoccupied_off
2025-04-11 00:15:25,0,18,unoccupied_off
2025-04-11 00:15:25,0,19,unoccupied_off
2025-04-11 00:15:26,0,13,unoccupied_off
2025-04-11 00:15:26,0,46,unoccupied_off
2025-04-11 00:15:27,0,51,unoccupied_off
2025-04-11 00:15:27,0,51,unoccupied_off
2025-04-11 00:15:28,0,53,unoccupied_off
2025-04-11 00:15:28,0,52,unoccupied_off
2025-04-11 00:15:29,0,52,unoccupied_off
2025-04-11 00:15:29,0,51,unoccupied_off
2025-04-11 00:15:30,0,50,unoccupied_off
2025-04-11 00:15:30,0,50,unoccupied_off
2025-04-11 00:15:31,0,49,unoccupied_off
2025-04-11 00:15:31,0,50,unoccupied_off
2025-04-11 00:15:32,0,50,unoccupied_off
2025-04-11 00:15:32,0,41,unoccupied_off
2025-04-11 00:15:33,0,32,unoccupied_off
2025-04-11 00:15:33,0,39,unoccupied_off
2025-04-11 00:15:34,0,47,unoccupied_off
2025-04-11 00:15:34,0,56,unoccupied_off
2025-04-11 00:15:35,0,62,unoccupied_off
2025-04-11 00:15:35,0,62,unoccupied_off
2025-04-11 00:15:36,0,102,unoccupied_off
2025-04-11 00:15:36,0,88,unoccupied_off
2025-04-11 00:15:37,0,108,unoccupied_off
2025-04-11 00:15:37,0,125,unoccupied_off
2025-04-11 00:15:38,0,78,unoccupied_off
2025-04-11 00:15:38,0,79,unoccupied_off
2025-04-11 00:15:39,0,75,unoccupied_off
2025-04-11 00:15:39,0,70,unoccupied_off
2025-04-11 00:15:40,0,71,unoccupied_off
2025-04-11 00:15:40,0,69,unoccupied_off
2025-04-11 00:15:41,0,69,unoccupied_off
2025-04-11 00:15:41,0,70,unoccupied_off
2025-04-11 00:15:42,0,73,unoccupied_off
2025-04-11 00:15:42,0,88,unoccupied_off
2025-04-11 00:15:43,0,121,unoccupied_off
2025-04-11 00:15:43,0,195,unoccupied_off
2025-04-11 00:15:44,0,184,unoccupied_off
2025-04-11 00:15:44,0,161,unoccupied_off
2025-04-11 00:15:45,1,171,decrease_light
2025-04-11 00:15:45,1,173,decrease_light
2025-04-11 00:15:46,1,149,decrease_light
2025-04-11 00:15:46,1,136,decrease_light
2025-04-11 00:15:47,1,119,decrease_light
2025-04-11 00:15:47,1,122,decrease_light
2025-04-11 00:15:48,1,122,decrease_light
2025-04-11 00:15:48,1,122,decrease_light
2025-04-11 00:15:49,0,112,unoccupied_off
2025-04-11 00:15:49,0,113,unoccupied_off
2025-04-11 00:15:50,0,113,unoccupied_off
2025-04-11 00:15:50,0,111,unoccupied_off
2025-04-11 00:15:51,0,110,unoccupied_off
2025-04-11 00:15:51,0,110,unoccupied_off
2025-04-11 00:15:52,1,110,decrease_light
2025-04-11 00:15:52,1,110,decrease_light
2025-04-11 00:15:53,1,111,decrease_light
2025-04-11 00:15:53,1,110,decrease_light
2025-04-11 00:15:54,1,111,decrease_light
2025-04-11 00:15:54,1,111,decrease_light
2025-04-11 00:15:55,1,110,decrease_light
2025-04-11 00:15:55,0,111,unoccupied_off
2025-04-11 00:15:56,0,110,unoccupied_off
2025-04-11 00:15:56,0,110,unoccupied_off
2025-04-11 00:15:57,0,110,unoccupied_off
2025-04-11 00:15:57,0,110,unoccupied_off
2025-04-11 00:15:58,0,111,unoccupied_off
2025-04-11 00:15:58,0,110,unoccupied_off
2025-04-11 00:15:59,0,110,unoccupied_off
2025-04-11 00:15:59,0,110,unoccupied_off
2025-04-11 00:16:00,0,110,unoccupied_off
2025-04-11 00:16:00,0,110,unoccupied_off
2025-04-11 00:16:01,0,110,unoccupied_off
2025-04-11 00:16:01,0,110,unoccupied_off
2025-04-11 00:16:02,0,110,unoccupied_off
2025-04-11 00:16:02,0,110,unoccupied_off
2025-04-11 00:16:03,0,110,unoccupied_off
2025-04-11 00:16:03,0,110,unoccupied_off
2025-04-11 00:16:04,0,110,unoccupied_off
2025-04-11 00:16:04,0,110,unoccupied_off
2025-04-11 00:16:05,0,111,unoccupied_off
2025-04-11 00:16:05,0,110,unoccupied_off
2025-04-11 00:16:06,0,111,unoccupied_off
2025-04-11 00:16:06,0,111,unoccupied_off
2025-04-11 00:16:07,0,111,unoccupied_off
2025-04-11 00:16:07,0,111,unoccupied_off
2025-04-11 00:16:08,0,110,unoccupied_off
2025-04-11 00:16:08,0,111,unoccupied_off
2025-04-11 00:16:09,0,110,unoccupied_off
2025-04-11 00:16:09,0,111,unoccupied_off
2025-04-11 00:16:10,0,111,unoccupied_off
2025-04-11 00:16:10,0,111,unoccupied_off
2025-04-11 00:16:11,0,111,unoccupied_off
2025-04-11 00:16:11,0,110,unoccupied_off
2025-04-11 00:16:12,0,111,unoccupied_off
2025-04-11 00:16:12,0,111,unoccupied_off
2025-04-11 00:16:13,0,111,unoccupied_off
2025-04-11 00:16:13,0,111,unoccupied_off
2025-04-11 00:16:14,0,111,unoccupied_off
2025-04-11 00:16:14,0,111,unoccupied_off
2025-04-11 00:16:15,0,111,unoccupied_off
2025-04-11 00:16:15,0,111,unoccupied_off
2025-04-11 00:16:16,0,110,unoccupied_off
2025-04-11 00:16:16,0,111,unoccupied_off
2025-04-11 00:16:17,0,111,unoccupied_off
2025-04-11 00:16:17,0,111,unoccupied_off
2025-04-11 00:16:18,0,111,unoccupied_off
2025-04-11 00:16:18,0,111,unoccupied_off
2025-04-11 00:16:19,0,111,unoccupied_off
2025-04-11 00:16:19,0,111,unoccupied_off
2025-04-11 00:16:20,0,111,unoccupied_off
2025-04-11 00:16:20,0,111,unoccupied_off
2025-04-11 00:16:21,0,111,unoccupied_off
2025-04-11 00:16:21,0,111,unoccupied_off
2025-04-11 00:16:22,0,111,unoccupied_off
2025-04-11 00:16:23,0,111,unoccupied_off
2025-04-11 00:16:23,0,110,unoccupied_off
2025-04-11 00:16:24,0,111,unoccupied_off
2025-04-11 00:16:24,0,111,unoccupied_off
2025-04-11 00:16:25,0,111,unoccupied_off
2025-04-11 00:16:25,0,111,unoccupied_off
2025-04-11 00:16:26,0,110,unoccupied_off
2025-04-11 00:16:26,0,110,unoccupied_off
2025-04-11 00:16:27,0,110,unoccupied_off
2025-04-11 00:16:27,0,110,unoccupied_off
2025-04-11 00:16:28,0,110,unoccupied_off
2025-04-11 00:16:28,0,110,unoccupied_off
2025-04-11 00:16:29,0,110,unoccupied_off
2025-04-11 00:16:29,0,110,unoccupied_off
2025-04-11 00:16:30,0,110,unoccupied_off
2025-04-11 00:16:30,0,110,unoccupied_off
2025-04-11 00:16:31,0,111,unoccupied_off
2025-04-11 00:16:31,0,110,unoccupied_off
2025-04-11 00:16:32,0,110,unoccupied_off
2025-04-11 00:16:32,0,110,unoccupied_off
2025-04-11 00:16:33,0,109,unoccupied_off
2025-04-11 00:16:33,0,107,unoccupied_off
2025-04-11 00:16:34,0,105,unoccupied_off
2025-04-11 00:16:34,0,103,unoccupied_off
2025-04-11 00:16:35,0,102,unoccupied_off
2025-04-11 00:16:35,0,101,unoccupied_off
2025-04-11 00:16:36,0,100,unoccupied_off
2025-04-11 00:16:36,0,98,unoccupied_off
2025-04-11 00:16:37,0,95,unoccupied_off
2025-04-11 00:16:37,0,94,unoccupied_off
2025-04-11 00:16:38,0,93,unoccupied_off
2025-04-11 00:16:38,0,93,unoccupied_off
2025-04-11 00:16:39,0,92,unoccupied_off
2025-04-11 00:16:39,0,95,unoccupied_off
2025-04-11 00:16:40,0,93,unoccupied_off
2025-04-11 00:16:40,0,86,unoccupied_off
2025-04-11 00:16:41,0,73,unoccupied_off
2025-04-11 00:16:41,0,74,unoccupied_off
2025-04-11 00:16:42,0,74,unoccupied_off
2025-04-11 00:16:42,0,73,unoccupied_off
2025-04-11 00:16:43,0,74,unoccupied_off
2025-04-11 00:16:43,0,74,unoccupied_off
2025-04-11 00:16:44,0,73,unoccupied_off
2025-04-11 00:16:44,0,73,unoccupied_off
2025-04-11 00:16:45,0,73,unoccupied_off
2025-04-11 00:16:45,0,73,unoccupied_off
2025-04-11 00:16:46,0,73,unoccupied_off
2025-04-11 00:16:46,0,73,unoccupied_off
2025-04-11 00:16:47,0,73,unoccupied_off
2025-04-11 00:16:47,0,74,unoccupied_off
2025-04-11 00:16:48,0,71,unoccupied_off
2025-04-11 00:16:48,0,74,unoccupied_off
2025-04-11 00:16:49,0,74,unoccupied_off
2025-04-11 00:16:49,0,74,unoccupied_off
2025-04-11 00:16:50,0,74,unoccupied_off
2025-04-11 00:16:50,0,74,unoccupied_off
2025-04-11 00:16:51,0,74,unoccupied_off
2025-04-11 00:16:51,0,74,unoccupied_off
2025-04-11 00:16:52,0,74,unoccupied_off
2025-04-11 00:16:52,0,74,unoccupied_off
2025-04-11 00:16:53,0,74,unoccupied_off
2025-04-11 00:16:53,0,74,unoccupied_off
2025-04-11 00:16:54,0,74,unoccupied_off
2025-04-11 00:16:54,0,74,unoccupied_off
2025-04-11 00:16:55,0,74,unoccupied_off
2025-04-11 00:16:55,0,74,unoccupied_off
2025-04-11 00:16:56,0,75,unoccupied_off
2025-04-11 00:16:56,0,74,unoccupied_off
2025-04-11 00:16:57,0,73,unoccupied_off
2025-04-11 00:16:57,0,74,unoccupied_off
2025-04-11 00:16:58,0,74,unoccupied_off
2025-04-11 00:16:58,0,74,unoccupied_off
2025-04-11 00:16:59,0,75,unoccupied_off
2025-04-11 00:16:59,0,77,unoccupied_off
2025-04-11 00:17:00,0,77,unoccupied_off
2025-04-11 00:17:00,0,77,unoccupied_off
2025-04-11 00:17:01,0,77,unoccupied_off
2025-04-11 00:17:01,0,78,unoccupied_off
2025-04-11 00:17:02,0,78,unoccupied_off
2025-04-11 00:17:02,0,78,unoccupied_off
2025-04-11 00:17:03,0,78,unoccupied_off
2025-04-11 00:17:03,0,78,unoccupied_off
2025-04-11 00:17:04,0,78,unoccupied_off
2025-04-11 00:17:04,0,78,unoccupied_off
2025-04-11 00:17:05,0,78,unoccupied_off
2025-04-11 00:17:05,0,78,unoccupied_off
2025-04-11 00:17:06,0,78,unoccupied_off
2025-04-11 00:17:06,0,78,unoccupied_off
2025-04-11 00:17:07,0,78,unoccupied_off
2025-04-11 00:17:07,0,78,unoccupied_off
2025-04-11 00:17:08,0,78,unoccupied_off
2025-04-11 00:17:08,0,78,unoccupied_off
2025-04-11 00:17:09,0,78,unoccupied_off
2025-04-11 00:17:09,0,78,unoccupied_off
2025-04-11 00:17:10,0,78,unoccupied_off
2025-04-11 00:17:10,0,78,unoccupied_off
2025-04-11 00:17:11,0,78,unoccupied_off
2025-04-11 00:17:11,0,78,unoccupied_off
2025-04-11 00:17:12,0,78,unoccupied_off
2025-04-11 00:17:12,0,78,unoccupied_off
2025-04-11 00:17:13,0,78,unoccupied_off
2025-04-11 00:17:13,0,78,unoccupied_off
2025-04-11 00:17:14,0,78,unoccupied_off
2025-04-11 00:17:14,0,78,unoccupied_off
2025-04-11 00:17:15,0,78,unoccupied_off
2025-04-11 00:17:15,0,78,unoccupied_off
2025-04-11 00:17:16,0,78,unoccupied_off
2025-04-11 00:17:16,0,78,unoccupied_off
2025-04-11 00:17:17,0,78,unoccupied_off
2025-04-11 00:17:17,0,78,unoccupied_off
2025-04-11 00:17:18,0,78,unoccupied_off
2025-04-11 00:17:18,0,78,unoccupied_off
2025-04-11 00:17:19,0,78,unoccupied_off
2025-04-11 00:17:19,0,78,unoccupied_off
2025-04-11 00:17:20,0,78,unoccupied_off
2025-04-11 00:17:20,0,76,unoccupied_off
2025-04-11 00:17:21,0,75,unoccupied_off
2025-04-11 00:17:21,0,73,unoccupied_off
2025-04-11 00:17:22,0,72,unoccupied_off
2025-04-11 00:17:22,0,71,unoccupied_off
2025-04-11 00:17:23,0,70,unoccupied_off
2025-04-11 00:17:23,0,70,unoccupied_off
2025-04-11 00:17:24,0,70,unoccupied_off
2025-04-11 00:17:24,0,70,unoccupied_off
2025-04-11 00:17:25,0,70,unoccupied_off
2025-04-11 00:17:25,0,69,unoccupied_off
2025-04-11 00:17:26,0,70,unoccupied_off
2025-04-11 00:17:26,0,70,unoccupied_off
2025-04-11 00:17:27,0,69,unoccupied_off
2025-04-11 00:17:27,0,70,unoccupied_off
2025-04-11 00:17:28,0,71,unoccupied_off
2025-04-11 00:17:28,0,71,unoccupied_off
2025-04-11 00:17:29,0,70,unoccupied_off
2025-04-11 00:17:29,0,70,unoccupied_off
2025-04-11 00:17:30,0,70,unoccupied_off
2025-04-11 00:17:30,0,70,unoccupied_off
2025-04-11 00:17:31,0,71,unoccupied_off
2025-04-11 00:17:31,0,70,unoccupied_off
2025-04-11 00:17:32,0,71,unoccupied_off
2025-04-11 00:17:32,0,71,unoccupied_off
2025-04-11 00:17:33,0,70,unoccupied_off
2025-04-11 00:17:33,0,71,unoccupied_off
2025-04-11 00:17:34,0,71,unoccupied_off
2025-04-11 00:17:34,0,70,unoccupied_off
2025-04-11 00:17:35,0,70,unoccupied_off
2025-04-11 00:17:35,0,69,unoccupied_off
2025-04-11 00:17:36,0,71,unoccupied_off
2025-04-11 00:17:36,0,70,unoccupied_off
2025-04-11 00:17:37,0,70,unoccupied_off
2025-04-11 00:17:37,0,69,unoccupied_off
2025-04-11 00:17:38,0,69,unoccupied_off
2025-04-11 00:17:38,0,70,unoccupied_off
2025-04-11 00:17:39,0,69,unoccupied_off
2025-04-11 00:17:39,0,69,unoccupied_off
2025-04-11 00:17:40,0,69,unoccupied_off
2025-04-11 00:17:40,0,70,unoccupied_off
2025-04-11 00:17:41,0,69,unoccupied_off
2025-04-11 00:17:41,0,70,unoccupied_off
2025-04-11 00:17:42,0,69,unoccupied_off
2025-04-11 00:17:42,0,71,unoccupied_off
2025-04-11 00:17:43,0,70,unoccupied_off
2025-04-11 00:17:43,0,70,unoccupied_off
2025-04-11 00:17:44,0,70,unoccupied_off
2025-04-11 00:17:44,0,70,unoccupied_off
2025-04-11 00:17:45,0,70,unoccupied_off
2025-04-11 00:17:45,0,71,unoccupied_off
2025-04-11 00:17:46,0,71,unoccupied_off
2025-04-11 00:17:46,0,70,unoccupied_off
2025-04-11 00:17:47,0,70,unoccupied_off
2025-04-11 00:17:47,0,70,unoccupied_off
2025-04-11 00:17:48,0,70,unoccupied_off
2025-04-11 00:17:48,0,71,unoccupied_off
2025-04-11 00:17:49,0,70,unoccupied_off
2025-04-11 00:17:49,0,70,unoccupied_off
2025-04-11 00:17:50,0,70,unoccupied_off
2025-04-11 00:17:50,0,70,unoccupied_off
2025-04-11 00:17:51,0,71,unoccupied_off
2025-04-11 00:17:51,0,70,unoccupied_off
2025-04-11 00:17:52,0,70,unoccupied_off
2025-04-11 00:17:52,0,71,unoccupied_off
2025-04-11 00:17:53,0,70,unoccupied_off
2025-04-11 00:17:53,0,71,unoccupied_off
2025-04-11 00:17:54,0,70,unoccupied_off
2025-04-11 00:17:54,0,70,unoccupied_off
2025-04-11 00:17:55,0,70,unoccupied_off
2025-04-11 00:17:55,0,70,unoccupied_off
2025-04-11 00:17:56,0,70,unoccupied_off
2025-04-11 00:17:56,0,71,unoccupied_off
2025-04-11 00:17:57,0,70,unoccupied_off
2025-04-11 00:17:57,0,71,unoccupied_off
2025-04-11 00:17:58,0,71,unoccupied_off
2025-04-11 00:17:58,0,70,unoccupied_off
2025-04-11 00:17:59,0,71,unoccupied_off
2025-04-11 00:17:59,0,71,unoccupied_off
2025-04-11 00:18:00,0,70,unoccupied_off
2025-04-11 00:18:00,0,71,unoccupied_off
2025-04-11 00:18:01,0,70,unoccupied_off
2025-04-11 00:18:01,0,70,unoccupied_off
2025-04-11 00:18:02,0,70,unoccupied_off
2025-04-11 00:18:02,0,70,unoccupied_off
2025-04-11 00:18:03,0,70,unoccupied_off
2025-04-11 00:18:03,0,71,unoccupied_off
2025-04-11 00:18:04,0,70,unoccupied_off
2025-04-11 00:18:04,0,70,unoccupied_off
2025-04-11 00:18:05,0,71,unoccupied_off
2025-04-11 00:18:05,0,70,unoccupied_off
2025-04-11 00:18:06,0,70,unoccupied_off
2025-04-11 00:18:06,0,71,unoccupied_off
2025-04-11 00:18:07,0,70,unoccupied_off
2025-04-11 00:18:07,0,70,unoccupied_off
2025-04-11 00:18:08,0,71,unoccupied_off
2025-04-11 00:18:08,0,71,unoccupied_off
2025-04-11 00:18:09,0,70,unoccupied_off
2025-04-11 00:18:09,0,71,unoccupied_off
2025-04-11 00:18:10,0,70,unoccupied_off
2025-04-11 00:18:10,0,70,unoccupied_off
2025-04-11 00:18:11,0,71,unoccupied_off
2025-04-11 00:18:11,0,70,unoccupied_off
2025-04-11 00:18:12,0,70,unoccupied_off
2025-04-11 00:18:12,0,70,unoccupied_off
2025-04-11 00:18:13,0,71,unoccupied_off
2025-04-11 00:18:13,0,70,unoccupied_off
2025-04-11 00:18:14,0,70,unoccupied_off
2025-04-11 00:18:14,0,70,unoccupied_off
2025-04-11 00:18:15,0,71,unoccupied_off
2025-04-11 00:18:15,0,70,unoccupied_off
2025-04-11 00:18:16,0,70,unoccupied_off
2025-04-11 00:18:16,0,71,unoccupied_off
2025-04-11 00:18:17,0,70,unoccupied_off
2025-04-11 00:18:17,0,70,unoccupied_off
2025-04-11 00:18:18,0,70,unoccupied_off
2025-04-11 00:18:18,0,71,unoccupied_off
2025-04-11 00:18:19,0,70,unoccupied_off
2025-04-11 00:18:19,0,71,unoccupied_off
2025-04-11 00:18:20,0,71,unoccupied_off
2025-04-11 00:18:20,0,70,unoccupied_off
2025-04-11 00:18:21,0,70,unoccupied_off
2025-04-11 00:18:21,0,70,unoccupied_off
2025-04-11 00:18:22,0,70,unoccupied_off
2025-04-11 00:18:22,0,70,unoccupied_off
2025-04-11 00:18:23,0,70,unoccupied_off
2025-04-11 00:18:23,0,71,unoccupied_off
2025-04-11 00:18:24,0,71,unoccupied_off
2025-04-11 00:18:24,0,70,unoccupied_off
2025-04-11 00:18:25,0,70,unoccupied_off
2025-04-11 00:18:25,0,70,unoccupied_off
2025-04-11 00:18:26,0,70,unoccupied_off
2025-04-11 00:18:26,0,70,unoccupied_off
2025-04-11 00:18:27,0,70,unoccupied_off
2025-04-11 00:18:27,0,70,unoccupied_off
2025-04-11 00:18:28,0,70,unoccupied_off
2025-04-11 00:18:28,0,70,unoccupied_off
2025-04-11 00:18:29,0,70,unoccupied_off
2025-04-11 00:18:29,0,70,unoccupied_off
2025-04-11 00:18:30,0,71,unoccupied_off
2025-04-11 00:18:30,0,70,unoccupied_off
2025-04-11 00:18:31,0,70,unoccupied_off
2025-04-11 00:18:31,0,70,unoccupied_off
2025-04-11 00:18:32,0,70,unoccupied_off
2025-04-11 00:18:32,0,70,unoccupied_off
2025-04-11 00:18:33,0,70,unoccupied_off
2025-04-11 00:18:33,0,69,unoccupied_off
2025-04-11 00:18:34,0,69,unoccupied_off
2025-04-11 00:18:34,0,69,unoccupied_off
2025-04-11 00:18:35,0,70,unoccupied_off
2025-04-11 00:18:35,0,70,unoccupied_off
2025-04-11 00:18:36,0,70,unoccupied_off
2025-04-11 00:18:36,0,69,unoccupied_off
2025-04-11 00:18:37,0,71,unoccupied_off
2025-04-11 00:18:37,0,71,unoccupied_off
2025-04-11 00:18:38,0,68,unoccupied_off
2025-04-11 00:18:38,0,68,unoccupied_off
2025-04-11 00:18:39,0,68,unoccupied_off
2025-04-11 00:18:39,0,68,unoccupied_off
2025-04-11 00:18:40,0,68,unoccupied_off
2025-04-11 00:18:40,0,67,unoccupied_off
2025-04-11 00:18:41,0,68,unoccupied_off
2025-04-11 00:18:41,0,68,unoccupied_off
2025-04-11 00:18:42,0,68,unoccupied_off
2025-04-11 00:18:42,0,67,unoccupied_off
2025-04-11 00:18:43,0,67,unoccupied_off
2025-04-11 00:18:43,0,68,unoccupied_off
2025-04-11 00:18:44,0,67,unoccupied_off
2025-04-11 00:18:44,0,67,unoccupied_off
2025-04-11 00:18:45,1,67,decrease_light
2025-04-11 00:18:45,1,68,decrease_light
2025-04-11 00:18:46,1,68,decrease_light
2025-04-11 00:18:46,1,67,decrease_light
2025-04-11 00:18:47,1,68,decrease_light
2025-04-11 00:18:47,1,67,decrease_light
2025-04-11 00:18:48,1,67,decrease_light
2025-04-11 00:18:48,1,68,decrease_light
2025-04-11 00:18:49,0,67,unoccupied_off
2025-04-11 00:18:49,0,68,unoccupied_off
2025-04-11 00:18:50,0,68,unoccupied_off
2025-04-11 00:18:50,0,67,unoccupied_off
2025-04-11 00:18:51,0,68,unoccupied_off
2025-04-11 00:18:51,0,67,unoccupied_off
2025-04-11 00:18:52,0,67,unoccupied_off
2025-04-11 00:18:52,0,68,unoccupied_off
2025-04-11 00:18:53,0,67,unoccupied_off
2025-04-11 00:18:53,0,67,unoccupied_off
2025-04-11 00:18:54,0,67,unoccupied_off
2025-04-11 00:18:54,0,68,unoccupied_off
2025-04-11 00:18:55,0,68,unoccupied_off
2025-04-11 00:18:55,0,68,unoccupied_off
2025-04-11 00:18:56,0,68,unoccupied_off
2025-04-11 00:18:56,0,67,unoccupied_off
2025-04-11 00:18:57,0,67,unoccupied_off
2025-04-11 00:18:57,0,67,unoccupied_off
2025-04-11 00:18:58,0,68,unoccupied_off
2025-04-11 00:18:58,0,68,unoccupied_off
2025-04-11 00:18:59,0,68,unoccupied_off
2025-04-11 00:18:59,0,67,unoccupied_off
2025-04-11 00:19:00,0,68,unoccupied_off
2025-04-11 00:19:00,0,67,unoccupied_off
2025-04-11 00:19:01,0,67,unoccupied_off
2025-04-11 00:19:01,0,67,unoccupied_off
2025-04-11 00:19:02,0,68,unoccupied_off
2025-04-11 00:19:02,0,67,unoccupied_off
2025-04-11 00:19:03,0,67,unoccupied_off
2025-04-11 00:19:03,0,67,unoccupied_off
2025-04-11 00:19:04,0,67,unoccupied_off
2025-04-11 00:19:04,0,67,unoccupied_off
2025-04-11 00:19:05,0,68,unoccupied_off
2025-04-11 00:19:05,0,69,unoccupied_off
2025-04-11 00:19:06,0,67,unoccupied_off
2025-04-11 00:19:06,0,67,unoccupied_off
2025-04-11 00:19:07,0,68,unoccupied_off
2025-04-11 00:19:07,0,68,unoccupied_off
2025-04-11 00:19:08,0,68,unoccupied_off
2025-04-11 00:19:08,0,68,unoccupied_off
2025-04-11 00:19:09,0,68,unoccupied_off
2025-04-11 00:19:09,0,68,unoccupied_off
2025-04-11 00:19:10,0,68,unoccupied_off
2025-04-11 00:19:10,0,68,unoccupied_off
2025-04-11 00:19:11,0,67,unoccupied_off
2025-04-11 00:19:11,0,67,unoccupied_off
2025-04-11 00:19:12,0,67,unoccupied_off
2025-04-11 00:19:12,0,68,unoccupied_off
2025-04-11 00:19:13,0,68,unoccupied_off
2025-04-11 00:19:13,0,68,unoccupied_off
2025-04-11 00:19:14,0,68,unoccupied_off
2025-04-11 00:19:14,0,68,unoccupied_off
2025-04-11 00:19:15,0,67,unoccupied_off
2025-04-11 00:19:15,0,68,unoccupied_off
2025-04-11 00:19:16,0,67,unoccupied_off
2025-04-11 00:19:17,0,67,unoccupied_off
2025-04-11 00:19:17,0,68,unoccupied_off
2025-04-11 00:19:18,0,67,unoccupied_off
2025-04-11 00:19:18,0,66,unoccupied_off
2025-04-11 00:19:19,0,67,unoccupied_off
2025-04-11 00:19:19,0,66,unoccupied_off
2025-04-11 00:19:20,0,65,unoccupied_off
2025-04-11 00:19:20,0,65,unoccupied_off
2025-04-11 00:19:21,0,65,unoccupied_off
2025-04-11 00:19:21,0,66,unoccupied_off
2025-04-11 00:19:22,0,66,unoccupied_off
2025-04-11 00:19:22,0,66,unoccupied_off
2025-04-11 00:19:23,0,66,unoccupied_off
2025-04-11 00:19:23,0,66,unoccupied_off
2025-04-11 00:19:24,0,67,unoccupied_off
2025-04-11 00:19:24,0,67,unoccupied_off
2025-04-11 00:19:25,0,67,unoccupied_off
2025-04-11 00:19:25,0,70,unoccupied_off
2025-04-11 00:19:26,0,73,unoccupied_off
2025-04-11 00:19:26,0,73,unoccupied_off
2025-04-11 00:19:27,0,73,unoccupied_off
2025-04-11 00:19:27,0,73,unoccupied_off
2025-04-11 00:19:28,0,74,unoccupied_off
2025-04-11 00:19:28,0,79,unoccupied_off
2025-04-11 00:19:29,0,86,unoccupied_off
2025-04-11 00:19:29,0,85,unoccupied_off
2025-04-11 00:19:30,0,85,unoccupied_off
2025-04-11 00:19:30,0,85,unoccupied_off
2025-04-11 00:19:31,0,85,unoccupied_off
2025-04-11 00:19:31,0,85,unoccupied_off
2025-04-11 00:19:32,0,85,unoccupied_off
2025-04-11 00:19:32,0,85,unoccupied_off
2025-04-11 00:19:33,0,85,unoccupied_off
2025-04-11 00:19:33,0,85,unoccupied_off
2025-04-11 00:19:34,0,86,unoccupied_off
2025-04-11 00:19:34,0,83,unoccupied_off
2025-04-11 00:19:35,0,81,unoccupied_off
2025-04-11 00:19:35,0,81,unoccupied_off
2025-04-11 00:19:36,0,82,unoccupied_off
2025-04-11 00:19:36,0,82,unoccupied_off
2025-04-11 00:19:37,0,82,unoccupied_off
2025-04-11 00:19:37,0,82,unoccupied_off
2025-04-11 00:19:38,0,82,unoccupied_off
2025-04-11 00:19:38,0,82,unoccupied_off
2025-04-11 00:19:39,0,82,unoccupied_off
2025-04-11 00:19:39,0,82,unoccupied_off
2025-04-11 00:19:40,0,82,unoccupied_off
2025-04-11 00:19:40,0,82,unoccupied_off
2025-04-11 00:19:41,0,82,unoccupied_off
2025-04-11 00:19:41,0,82,unoccupied_off
2025-04-11 00:19:42,0,82,unoccupied_off
2025-04-11 00:19:42,0,82,unoccupied_off
2025-04-11 00:19:43,0,82,unoccupied_off
2025-04-11 00:19:43,0,82,unoccupied_off
2025-04-11 00:19:44,0,82,unoccupied_off
2025-04-11 00:19:44,0,82,unoccupied_off
2025-04-11 00:19:45,0,82,unoccupied_off
2025-04-11 00:19:45,0,82,unoccupied_off
2025-04-11 00:19:46,0,82,unoccupied_off
2025-04-11 00:19:46,0,82,unoccupied_off
2025-04-11 00:19:47,0,82,unoccupied_off
2025-04-11 00:19:47,0,82,unoccupied_off
2025-04-11 00:19:48,0,82,unoccupied_off
2025-04-11 00:19:48,0,82,unoccupied_off
2025-04-11 00:19:49,0,82,unoccupied_off
2025-04-11 00:19:49,0,82,unoccupied_off
2025-04-11 00:19:50,0,82,unoccupied_off
2025-04-11 00:19:50,0,82,unoccupied_off
2025-04-11 00:19:51,0,82,unoccupied_off
2025-04-11 00:19:51,0,82,unoccupied_off
2025-04-11 00:19:52,0,82,unoccupied_off
2025-04-11 00:19:52,0,82,unoccupied_off
2025-04-11 00:19:53,0,82,unoccupied_off
2025-04-11 00:19:53,0,82,unoccupied_off
2025-04-11 00:19:54,0,82,unoccupied_off
2025-04-11 00:19:54,0,82,unoccupied_off
2025-04-11 00:19:55,0,82,unoccupied_off
2025-04-11 00:19:55,0,82,unoccupied_off
2025-04-11 00:19:56,0,82,unoccupied_off
2025-04-11 00:19:56,0,81,unoccupied_off
2025-04-11 00:19:57,0,82,unoccupied_off
2025-04-11 00:19:57,0,81,unoccupied_off
2025-04-11 00:19:58,0,82,unoccupied_off
2025-04-11 00:19:58,0,82,unoccupied_off
2025-04-11 00:19:59,0,82,unoccupied_off
2025-04-11 00:19:59,0,82,unoccupied_off
2025-04-11 00:20:00,0,82,unoccupied_off
2025-04-11 00:20:00,0,82,unoccupied_off
2025-04-11 00:20:01,0,82,unoccupied_off
2025-04-11 00:20:01,0,82,unoccupied_off
2025-04-11 00:20:02,0,82,unoccupied_off
2025-04-11 00:20:02,0,82,unoccupied_off
2025-04-11 00:20:03,0,82,unoccupied_off
2025-04-11 00:20:03,0,82,unoccupied_off
2025-04-11 00:20:04,0,82,unoccupied_off
2025-04-11 00:20:04,0,82,unoccupied_off
2025-04-11 00:20:05,0,82,unoccupied_off
2025-04-11 00:20:05,0,82,unoccupied_off
2025-04-11 00:20:06,0,82,unoccupied_off
2025-04-11 00:20:06,0,82,unoccupied_off
2025-04-11 00:20:07,0,82,unoccupied_off
2025-04-11 00:20:07,0,82,unoccupied_off
2025-04-11 00:20:08,0,82,unoccupied_off
2025-04-11 00:20:08,0,82,unoccupied_off
2025-04-11 00:20:09,0,82,unoccupied_off
2025-04-11 00:20:09,0,82,unoccupied_off
2025-04-11 00:20:10,0,82,unoccupied_off
2025-04-11 00:20:10,0,82,unoccupied_off
2025-04-11 00:20:11,0,82,unoccupied_off
2025-04-11 00:20:11,0,82,unoccupied_off
2025-04-11 00:20:12,0,82,unoccupied_off
2025-04-11 00:20:12,0,82,unoccupied_off
2025-04-11 00:20:13,0,81,unoccupied_off
2025-04-11 00:20:13,0,82,unoccupied_off
2025-04-11 00:20:14,0,82,unoccupied_off
2025-04-11 00:20:14,0,81,unoccupied_off
2025-04-11 00:20:15,0,81,unoccupied_off
2025-04-11 00:20:15,0,82,unoccupied_off
2025-04-11 00:20:16,0,82,unoccupied_off
2025-04-11 00:20:16,0,82,unoccupied_off
2025-04-11 00:20:17,0,81,unoccupied_off
2025-04-11 00:20:17,0,82,unoccupied_off
2025-04-11 00:20:18,0,82,unoccupied_off
2025-04-11 00:20:19,0,82,unoccupied_off
2025-04-11 00:20:19,0,82,unoccupied_off
2025-04-11 00:20:20,0,82,unoccupied_off
2025-04-11 00:20:20,0,82,unoccupied_off
2025-04-11 00:20:21,0,82,unoccupied_off
2025-04-11 00:20:21,0,82,unoccupied_off
2025-04-11 00:20:22,0,82,unoccupied_off
2025-04-11 00:20:22,0,82,unoccupied_off
2025-04-11 00:20:23,0,82,unoccupied_off
2025-04-11 00:20:23,0,81,unoccupied_off
2025-04-11 00:20:24,0,81,unoccupied_off
2025-04-11 00:20:24,0,81,unoccupied_off
2025-04-11 00:20:25,0,81,unoccupied_off
2025-04-11 00:20:25,0,81,unoccupied_off
2025-04-11 00:20:26,0,81,unoccupied_off
2025-04-11 00:20:26,0,82,unoccupied_off
2025-04-11 00:20:27,0,82,unoccupied_off
2025-04-11 00:20:27,0,81,unoccupied_off
2025-04-11 00:20:28,0,82,unoccupied_off
2025-04-11 00:20:28,0,81,unoccupied_off
2025-04-11 00:20:29,0,82,unoccupied_off
2025-04-11 00:20:29,0,81,unoccupied_off
2025-04-11 00:20:30,0,81,unoccupied_off
2025-04-11 00:20:30,0,81,unoccupied_off
2025-04-11 00:20:31,0,81,unoccupied_off
2025-04-11 00:20:31,0,81,unoccupied_off
2025-04-11 00:20:32,0,81,unoccupied_off
2025-04-11 00:20:32,0,81,unoccupied_off
2025-04-11 00:20:33,0,81,unoccupied_off
2025-04-11 00:20:33,0,81,unoccupied_off
2025-04-11 00:20:34,0,81,unoccupied_off
2025-04-11 00:20:34,0,81,unoccupied_off
2025-04-11 00:20:35,0,81,unoccupied_off
2025-04-11 00:20:35,0,81,unoccupied_off
2025-04-11 00:20:36,0,81,unoccupied_off
2025-04-11 00:20:36,0,81,unoccupied_off
2025-04-11 00:20:37,0,81,unoccupied_off
2025-04-11 00:20:37,0,81,unoccupied_off
2025-04-11 00:20:38,0,81,unoccupied_off
2025-04-11 00:20:38,0,81,unoccupied_off
2025-04-11 00:20:39,0,81,unoccupied_off
2025-04-11 00:20:39,0,81,unoccupied_off
2025-04-11 00:20:40,0,81,unoccupied_off
2025-04-11 00:20:40,0,81,unoccupied_off
2025-04-11 00:20:41,0,81,unoccupied_off
2025-04-11 00:20:41,0,81,unoccupied_off
2025-04-11 00:20:42,0,81,unoccupied_off
2025-04-11 00:20:42,0,81,unoccupied_off
2025-04-11 00:20:43,0,81,unoccupied_off
2025-04-11 00:20:43,0,81,unoccupied_off
2025-04-11 00:20:44,0,81,unoccupied_off
2025-04-11 00:20:44,0,81,unoccupied_off
2025-04-11 00:20:45,0,81,unoccupied_off
2025-04-11 00:20:45,0,82,unoccupied_off
2025-04-11 00:20:46,0,82,unoccupied_off
2025-04-11 00:20:46,0,82,unoccupied_off
2025-04-11 00:20:47,0,82,unoccupied_off
2025-04-11 00:20:47,0,82,unoccupied_off
2025-04-11 00:20:48,0,82,unoccupied_off
2025-04-11 00:20:48,0,82,unoccupied_off
2025-04-11 00:20:49,0,82,unoccupied_off
2025-04-11 00:20:49,0,82,unoccupied_off
2025-04-11 00:20:50,0,82,unoccupied_off
2025-04-11 00:20:50,0,82,unoccupied_off
2025-04-11 00:20:51,0,82,unoccupied_off
2025-04-11 00:20:51,0,82,unoccupied_off
2025-04-11 00:20:52,0,82,unoccupied_off
2025-04-11 00:20:52,0,82,unoccupied_off
2025-04-11 00:20:53,0,82,unoccupied_off
2025-04-11 00:20:53,0,82,unoccupied_off
2025-04-11 00:20:54,0,82,unoccupied_off
2025-04-11 00:20:54,0,82,unoccupied_off
2025-04-11 00:20:55,0,82,unoccupied_off
2025-04-11 00:20:55,0,82,unoccupied_off
2025-04-11 00:20:56,0,82,unoccupied_off
2025-04-11 00:20:56,0,82,unoccupied_off
2025-04-11 00:20:57,0,82,unoccupied_off
2025-04-11 00:20:57,0,82,unoccupied_off
2025-04-11 00:20:58,0,82,unoccupied_off
2025-04-11 00:20:58,0,82,unoccupied_off
2025-04-11 00:20:59,0,82,unoccupied_off
2025-04-11 00:20:59,0,82,unoccupied_off
2025-04-11 00:21:00,0,82,unoccupied_off
2025-04-11 00:21:00,0,82,unoccupied_off
2025-04-11 00:21:01,0,82,unoccupied_off
2025-04-11 00:21:01,0,82,unoccupied_off
2025-04-11 00:21:02,0,82,unoccupied_off
2025-04-11 00:21:02,0,82,unoccupied_off
2025-04-11 00:21:03,0,82,unoccupied_off
2025-04-11 00:21:03,0,82,unoccupied_off
2025-04-11 00:21:04,0,82,unoccupied_off
2025-04-11 00:21:04,0,82,unoccupied_off
2025-04-11 00:21:05,0,82,unoccupied_off
2025-04-11 00:21:05,0,82,unoccupied_off
2025-04-11 00:21:06,0,82,unoccupied_off
2025-04-11 00:21:06,0,82,unoccupied_off
2025-04-11 00:21:07,0,82,unoccupied_off
2025-04-11 00:21:07,0,82,unoccupied_off
2025-04-11 00:21:08,0,82,unoccupied_off
2025-04-11 00:21:08,0,82,unoccupied_off
2025-04-11 00:21:09,0,82,unoccupied_off
2025-04-11 00:21:09,0,82,unoccupied_off
2025-04-11 00:21:10,0,82,unoccupied_off
2025-04-11 00:21:10,0,82,unoccupied_off
2025-04-11 00:21:11,0,82,unoccupied_off
2025-04-11 00:21:11,0,82,unoccupied_off
2025-04-11 00:21:12,0,82,unoccupied_off
2025-04-11 00:21:12,0,82,unoccupied_off
2025-04-11 00:21:13,0,82,unoccupied_off
2025-04-11 00:21:13,0,82,unoccupied_off
2025-04-11 00:21:14,0,82,unoccupied_off
2025-04-11 00:21:14,0,82,unoccupied_off
2025-04-11 00:21:15,0,82,unoccupied_off
2025-04-11 00:21:15,0,82,unoccupied_off
2025-04-11 00:21:16,0,82,unoccupied_off
2025-04-11 00:21:16,0,82,unoccupied_off
2025-04-11 00:21:17,0,82,unoccupied_off
2025-04-11 00:21:17,0,82,unoccupied_off
2025-04-11 00:21:18,0,86,unoccupied_off
2025-04-11 00:21:18,0,98,unoccupied_off
2025-04-11 00:21:19,0,99,unoccupied_off
2025-04-11 00:21:19,0,99,unoccupied_off
2025-04-11 00:21:20,0,99,unoccupied_off
2025-04-11 00:21:21,0,99,unoccupied_off
2025-04-11 00:21:21,0,98,unoccupied_off
2025-04-11 00:21:22,0,98,unoccupied_off
2025-04-11 00:21:22,0,98,unoccupied_off
2025-04-11 00:21:23,0,98,unoccupied_off
2025-04-11 00:21:23,0,98,unoccupied_off
2025-04-11 00:21:24,0,98,unoccupied_off
2025-04-11 00:21:24,0,98,unoccupied_off
2025-04-11 00:21:25,0,98,unoccupied_off
2025-04-11 00:21:25,0,98,unoccupied_off
2025-04-11 00:21:26,0,98,unoccupied_off
2025-04-11 00:21:26,0,98,unoccupied_off
2025-04-11 00:21:27,0,98,unoccupied_off
2025-04-11 00:21:27,0,98,unoccupied_off
2025-04-11 00:21:28,0,98,unoccupied_off
2025-04-11 00:21:28,0,98,unoccupied_off
2025-04-11 00:21:29,0,98,unoccupied_off
2025-04-11 00:21:29,0,98,unoccupied_off
2025-04-11 00:21:30,0,98,unoccupied_off
2025-04-11 00:21:30,0,98,unoccupied_off
2025-04-11 00:21:31,0,98,unoccupied_off
2025-04-11 00:21:31,0,98,unoccupied_off
2025-04-11 00:21:32,0,98,unoccupied_off
2025-04-11 00:21:32,0,98,unoccupied_off
2025-04-11 00:21:33,0,98,unoccupied_off
2025-04-11 00:21:33,0,98,unoccupied_off
2025-04-11 00:21:34,0,98,unoccupied_off
2025-04-11 00:21:34,0,98,unoccupied_off
2025-04-11 00:21:35,0,98,unoccupied_off
2025-04-11 00:21:35,0,98,unoccupied_off
2025-04-11 00:21:36,0,98,unoccupied_off
2025-04-11 00:21:36,0,98,unoccupied_off
2025-04-11 00:21:37,0,98,unoccupied_off
2025-04-11 00:21:37,0,98,unoccupied_off
2025-04-11 00:21:38,0,98,unoccupied_off
2025-04-11 00:21:38,0,98,unoccupied_off
2025-04-11 00:21:39,0,98,unoccupied_off
2025-04-11 00:21:39,0,98,unoccupied_off
2025-04-11 00:21:40,0,98,unoccupied_off
2025-04-11 00:21:40,0,98,unoccupied_off
2025-04-11 00:21:41,0,94,unoccupied_off
2025-04-11 00:21:41,0,82,unoccupied_off
2025-04-11 00:21:42,0,81,unoccupied_off
2025-04-11 00:21:42,0,80,unoccupied_off
2025-04-11 00:21:43,0,80,unoccupied_off
2025-04-11 00:21:43,0,80,unoccupied_off
2025-04-11 00:21:44,0,80,unoccupied_off
2025-04-11 00:21:44,0,80,unoccupied_off
2025-04-11 00:21:45,0,80,unoccupied_off
2025-04-11 00:21:45,0,80,unoccupied_off
2025-04-11 00:21:46,0,79,unoccupied_off
2025-04-11 00:21:46,0,79,unoccupied_off
2025-04-11 00:21:47,0,79,unoccupied_off
2025-04-11 00:21:47,0,79,unoccupied_off
2025-04-11 00:21:48,0,79,unoccupied_off
2025-04-11 00:21:48,0,79,unoccupied_off
2025-04-11 00:21:49,0,80,unoccupied_off
2025-04-11 00:21:49,0,80,unoccupied_off
2025-04-11 00:21:50,0,80,unoccupied_off
2025-04-11 00:21:50,0,81,unoccupied_off
2025-04-11 00:21:51,0,81,unoccupied_off
2025-04-11 00:21:51,0,80,unoccupied_off
2025-04-11 00:21:52,0,81,unoccupied_off
2025-04-11 00:21:52,0,81,unoccupied_off
2025-04-11 00:21:53,0,81,unoccupied_off
2025-04-11 00:21:53,0,81,unoccupied_off
2025-04-11 00:21:54,0,81,unoccupied_off
2025-04-11 00:21:54,0,81,unoccupied_off
2025-04-11 00:21:55,0,81,unoccupied_off
2025-04-11 00:21:55,0,81,unoccupied_off
2025-04-11 00:21:56,0,81,unoccupied_off
2025-04-11 00:21:56,0,81,unoccupied_off
2025-04-11 00:21:57,0,81,unoccupied_off
2025-04-11 00:21:57,0,81,unoccupied_off
2025-04-11 00:21:58,0,81,unoccupied_off
2025-04-11 00:21:58,0,81,unoccupied_off
2025-04-11 00:21:59,0,81,unoccupied_off
2025-04-11 00:21:59,0,81,unoccupied_off
2025-04-11 00:22:00,0,81,unoccupied_off
2025-04-11 00:22:00,0,80,unoccupied_off
2025-04-11 00:22:01,0,80,unoccupied_off
2025-04-11 00:22:01,0,80,unoccupied_off
2025-04-11 00:22:02,0,81,unoccupied_off
2025-04-11 00:22:02,0,81,unoccupied_off
2025-04-11 00:22:03,0,81,unoccupied_off
2025-04-11 00:22:03,0,80,unoccupied_off
2025-04-11 00:22:04,0,80,unoccupied_off
2025-04-11 00:22:04,0,80,unoccupied_off
2025-04-11 00:22:05,0,80,unoccupied_off
2025-04-11 00:22:05,0,80,unoccupied_off
2025-04-11 00:22:06,0,80,unoccupied_off
2025-04-11 00:22:06,0,80,unoccupied_off
2025-04-11 00:22:07,0,80,unoccupied_off
2025-04-11 00:22:07,0,80,unoccupied_off
2025-04-11 00:22:08,0,80,unoccupied_off
2025-04-11 00:22:08,0,80,unoccupied_off
2025-04-11 00:22:09,0,80,unoccupied_off
2025-04-11 00:22:09,0,80,unoccupied_off
2025-04-11 00:22:10,0,80,unoccupied_off
2025-04-11 00:22:10,0,80,unoccupied_off
2025-04-11 00:22:11,0,81,unoccupied_off
2025-04-11 00:22:11,0,80,unoccupied_off
2025-04-11 00:22:12,0,81,unoccupied_off
2025-04-11 00:22:12,0,81,unoccupied_off
2025-04-11 00:22:13,0,80,unoccupied_off
2025-04-11 00:22:13,0,80,unoccupied_off
2025-04-11 00:22:14,0,80,unoccupied_off
2025-04-11 00:22:14,0,81,unoccupied_off
2025-04-11 00:22:15,0,80,unoccupied_off
2025-04-11 00:22:15,0,81,unoccupied_off
2025-04-11 00:22:16,0,81,unoccupied_off
2025-04-11 00:22:16,0,81,unoccupied_off
2025-04-11 00:22:17,0,81,unoccupied_off
2025-04-11 00:22:17,0,81,unoccupied_off
2025-04-11 00:22:18,0,81,unoccupied_off
2025-04-11 00:22:18,0,81,unoccupied_off
2025-04-11 00:22:19,0,81,unoccupied_off
2025-04-11 00:22:19,0,81,unoccupied_off
2025-04-11 00:22:20,0,81,unoccupied_off
2025-04-11 00:22:20,0,81,unoccupied_off
2025-04-11 00:22:21,0,81,unoccupied_off
2025-04-11 00:22:21,0,81,unoccupied_off
2025-04-11 00:22:22,0,81,unoccupied_off
2025-04-11 00:22:22,0,81,unoccupied_off
2025-04-11 00:22:23,0,81,unoccupied_off
2025-04-11 00:22:24,0,81,unoccupied_off
2025-04-11 00:22:24,0,81,unoccupied_off
2025-04-11 00:22:25,0,81,unoccupied_off
2025-04-11 00:22:25,0,81,unoccupied_off
2025-04-11 00:22:26,0,81,unoccupied_off
2025-04-11 00:22:26,0,81,unoccupied_off
2025-04-11 00:22:27,0,81,unoccupied_off
2025-04-11 00:22:27,0,81,unoccupied_off
2025-04-11 00:22:28,0,81,unoccupied_off
2025-04-11 00:22:28,0,81,unoccupied_off
2025-04-11 00:22:29,0,81,unoccupied_off
2025-04-11 00:22:29,0,81,unoccupied_off
2025-04-11 00:22:30,0,81,unoccupied_off
2025-04-11 00:22:30,0,81,unoccupied_off
2025-04-11 00:22:31,0,81,unoccupied_off
2025-04-11 00:22:31,0,81,unoccupied_off
2025-04-11 00:22:32,0,81,unoccupied_off
2025-04-11 00:22:32,0,81,unoccupied_off
2025-04-11 00:22:33,0,81,unoccupied_off
2025-04-11 00:22:33,0,81,unoccupied_off
2025-04-11 00:22:34,0,81,unoccupied_off
2025-04-11 00:22:34,0,81,unoccupied_off
2025-04-11 00:22:35,0,81,unoccupied_off
2025-04-11 00:22:35,0,81,unoccupied_off
2025-04-11 00:22:36,0,81,unoccupied_off
2025-04-11 00:22:36,0,81,unoccupied_off
2025-04-11 00:22:37,0,81,unoccupied_off
2025-04-11 00:22:37,0,81,unoccupied_off
2025-04-11 00:22:38,0,81,unoccupied_off
2025-04-11 00:22:38,0,81,unoccupied_off
2025-04-11 00:22:39,0,81,unoccupied_off
2025-04-11 00:22:39,0,81,unoccupied_off
2025-04-11 00:22:40,0,81,unoccupied_off
2025-04-11 00:22:40,0,81,unoccupied_off
2025-04-11 00:22:41,0,81,unoccupied_off
2025-04-11 00:22:41,0,81,unoccupied_off
2025-04-11 00:22:42,0,81,unoccupied_off
2025-04-11 00:22:42,0,81,unoccupied_off
2025-04-11 00:22:43,0,81,unoccupied_off
2025-04-11 00:22:43,0,81,unoccupied_off
2025-04-11 00:22:44,0,81,unoccupied_off
2025-04-11 00:22:44,0,81,unoccupied_off
2025-04-11 00:22:45,0,81,unoccupied_off
2025-04-11 00:22:45,0,81,unoccupied_off
2025-04-11 00:22:46,0,81,unoccupied_off
2025-04-11 00:22:46,0,81,unoccupied_off
2025-04-11 00:22:47,0,81,unoccupied_off
2025-04-11 00:22:47,0,81,unoccupied_off
2025-04-11 00:22:48,0,81,unoccupied_off
2025-04-11 00:22:48,0,81,unoccupied_off
2025-04-11 00:22:49,0,81,unoccupied_off
2025-04-11 00:22:49,0,81,unoccupied_off
2025-04-11 00:22:50,0,81,unoccupied_off
2025-04-11 00:22:50,0,81,unoccupied_off
2025-04-11 00:22:51,0,81,unoccupied_off
2025-04-11 00:22:51,0,81,unoccupied_off
2025-04-11 00:22:52,0,81,unoccupied_off
2025-04-11 00:22:52,0,81,unoccupied_off
2025-04-11 00:22:53,0,81,unoccupied_off
2025-04-11 00:22:53,0,81,unoccupied_off
2025-04-11 00:22:54,0,81,unoccupied_off
2025-04-11 00:22:54,0,81,unoccupied_off
2025-04-11 00:22:55,0,81,unoccupied_off
2025-04-11 00:22:55,0,81,unoccupied_off
2025-04-11 00:22:56,0,81,unoccupied_off
2025-04-11 00:22:56,0,81,unoccupied_off
2025-04-11 00:22:57,0,81,unoccupied_off
2025-04-11 00:22:57,0,81,unoccupied_off
2025-04-11 00:22:58,0,81,unoccupied_off
2025-04-11 00:22:58,0,81,unoccupied_off
2025-04-11 00:22:59,0,81,unoccupied_off
2025-04-11 00:22:59,0,81,unoccupied_off
2025-04-11 00:23:00,0,81,unoccupied_off
2025-04-11 00:23:00,0,81,unoccupied_off
2025-04-11 00:23:01,0,81,unoccupied_off
2025-04-11 00:23:01,0,81,unoccupied_off
2025-04-11 00:23:02,0,81,unoccupied_off
2025-04-11 00:23:02,0,81,unoccupied_off
2025-04-11 00:23:03,0,81,unoccupied_off
2025-04-11 00:23:03,0,81,unoccupied_off
2025-04-11 00:23:04,0,81,unoccupied_off
2025-04-11 00:23:04,0,81,unoccupied_off
2025-04-11 00:23:05,0,81,unoccupied_off
2025-04-11 00:23:05,0,81,unoccupied_off
2025-04-11 00:23:06,0,81,unoccupied_off
2025-04-11 00:23:06,0,81,unoccupied_off
2025-04-11 00:23:07,0,81,unoccupied_off
2025-04-11 00:23:07,0,81,unoccupied_off
2025-04-11 00:23:08,0,81,unoccupied_off
2025-04-11 00:23:08,0,81,unoccupied_off
2025-04-11 00:23:09,0,81,unoccupied_off
2025-04-11 00:23:09,0,81,unoccupied_off
2025-04-11 00:23:10,0,81,unoccupied_off
2025-04-11 00:23:10,0,81,unoccupied_off
2025-04-11 00:23:11,0,81,unoccupied_off
2025-04-11 00:23:11,0,81,unoccupied_off
2025-04-11 00:23:12,0,81,unoccupied_off
2025-04-11 00:23:12,0,81,unoccupied_off
2025-04-11 00:23:13,0,81,unoccupied_off
2025-04-11 00:23:13,0,81,unoccupied_off
2025-04-11 00:23:14,0,81,unoccupied_off
2025-04-11 00:23:14,0,81,unoccupied_off
2025-04-11 00:23:15,0,81,unoccupied_off
2025-04-11 00:23:15,0,81,unoccupied_off
2025-04-11 00:23:16,0,81,unoccupied_off
2025-04-11 00:23:16,0,81,unoccupied_off
2025-04-11 00:23:17,0,81,unoccupied_off
2025-04-11 00:23:17,0,81,unoccupied_off
2025-04-11 00:23:18,0,81,unoccupied_off
2025-04-11 00:23:18,0,81,unoccupied_off
2025-04-11 00:23:19,0,81,unoccupied_off
2025-04-11 00:23:19,0,81,unoccupied_off
2025-04-11 00:23:20,0,81,unoccupied_off
2025-04-11 00:23:20,0,81,unoccupied_off
2025-04-11 00:23:21,0,81,unoccupied_off
2025-04-11 00:23:21,0,81,unoccupied_off
2025-04-11 00:23:22,0,81,unoccupied_off
2025-04-11 00:23:22,0,81,unoccupied_off
2025-04-11 00:23:23,0,81,unoccupied_off
2025-04-11 00:23:23,0,81,unoccupied_off
2025-04-11 00:23:24,0,81,unoccupied_off
2025-04-11 00:23:24,0,81,unoccupied_off
2025-04-11 00:23:25,0,81,unoccupied_off
2025-04-11 00:23:25,0,81,unoccupied_off
2025-04-11 00:23:26,0,81,unoccupied_off
2025-04-11 00:23:27,0,81,unoccupied_off
2025-04-11 00:23:27,0,81,unoccupied_off
2025-04-11 00:23:28,0,81,unoccupied_off
2025-04-11 00:23:28,0,81,unoccupied_off
2025-04-11 00:23:29,0,81,unoccupied_off
2025-04-11 00:23:29,0,81,unoccupied_off
2025-04-11 00:23:30,0,81,unoccupied_off
2025-04-11 00:23:30,0,81,unoccupied_off
2025-04-11 00:23:31,0,81,unoccupied_off
2025-04-11 00:23:31,0,81,unoccupied_off
2025-04-11 00:23:32,0,81,unoccupied_off
2025-04-11 00:23:32,0,81,unoccupied_off
2025-04-11 00:23:33,0,81,unoccupied_off
2025-04-11 00:23:33,0,81,unoccupied_off
2025-04-11 00:23:34,0,81,unoccupied_off
2025-04-11 00:23:34,0,81,unoccupied_off
2025-04-11 00:23:35,0,102,unoccupied_off
2025-04-11 00:23:35,0,123,unoccupied_off
2025-04-11 00:23:36,0,119,unoccupied_off
2025-04-11 00:23:36,0,119,unoccupied_off
2025-04-11 00:23:37,0,119,unoccupied_off
2025-04-11 00:23:37,0,118,unoccupied_off
2025-04-11 00:23:38,0,117,unoccupied_off
2025-04-11 00:23:38,0,116,unoccupied_off
2025-04-11 00:23:39,0,116,unoccupied_off
2025-04-11 00:23:39,0,116,unoccupied_off
2025-04-11 00:23:40,0,115,unoccupied_off
2025-04-11 00:23:40,0,115,unoccupied_off
2025-04-11 00:23:41,0,115,unoccupied_off
2025-04-11 00:23:41,0,116,unoccupied_off
2025-04-11 00:23:42,0,115,unoccupied_off
2025-04-11 00:23:42,0,115,unoccupied_off
2025-04-11 00:23:43,0,115,unoccupied_off
2025-04-11 00:23:43,0,115,unoccupied_off
2025-04-11 00:23:44,0,115,unoccupied_off
2025-04-11 00:23:44,0,115,unoccupied_off
2025-04-11 00:23:45,0,115,unoccupied_off
2025-04-11 00:23:45,0,115,unoccupied_off
2025-04-11 00:23:46,0,115,unoccupied_off
2025-04-11 00:23:46,0,115,unoccupied_off
2025-04-11 00:23:47,0,115,unoccupied_off
2025-04-11 00:23:47,0,115,unoccupied_off
2025-04-11 00:23:48,0,115,unoccupied_off
2025-04-11 00:23:48,0,114,unoccupied_off
2025-04-11 00:23:49,0,115,unoccupied_off
2025-04-11 00:23:49,0,115,unoccupied_off
2025-04-11 00:23:50,0,114,unoccupied_off
2025-04-11 00:23:50,0,115,unoccupied_off
2025-04-11 00:23:51,0,114,unoccupied_off
2025-04-11 00:23:51,0,114,unoccupied_off
2025-04-11 00:23:52,0,114,unoccupied_off
2025-04-11 00:23:52,0,114,unoccupied_off
2025-04-11 00:23:53,0,114,unoccupied_off
2025-04-11 00:23:53,0,114,unoccupied_off
2025-04-11 00:23:54,0,114,unoccupied_off
2025-04-11 00:23:54,0,115,unoccupied_off
2025-04-11 00:23:55,0,114,unoccupied_off
2025-04-11 00:23:55,0,114,unoccupied_off
2025-04-11 00:23:56,0,115,unoccupied_off
2025-04-11 00:23:56,0,114,unoccupied_off
2025-04-11 00:23:57,0,114,unoccupied_off
2025-04-11 00:23:57,0,114,unoccupied_off
2025-04-11 00:23:58,0,114,unoccupied_off
2025-04-11 00:23:58,0,114,unoccupied_off
2025-04-11 00:23:59,0,114,unoccupied_off
2025-04-11 00:23:59,0,114,unoccupied_off
2025-04-11 00:24:00,0,114,unoccupied_off
2025-04-11 00:24:00,0,114,unoccupied_off
2025-04-11 00:24:01,0,114,unoccupied_off
2025-04-11 00:24:01,0,113,unoccupied_off
2025-04-11 00:24:02,0,114,unoccupied_off
2025-04-11 00:24:02,0,113,unoccupied_off
2025-04-11 00:24:03,0,113,unoccupied_off
2025-04-11 00:24:03,0,114,unoccupied_off
2025-04-11 00:24:04,0,113,unoccupied_off
2025-04-11 00:24:04,0,113,unoccupied_off
2025-04-11 00:24:05,0,113,unoccupied_off
2025-04-11 00:24:05,0,113,unoccupied_off
2025-04-11 00:24:06,0,113,unoccupied_off
2025-04-11 00:24:06,0,113,unoccupied_off
2025-04-11 00:24:07,0,113,unoccupied_off
2025-04-11 00:24:07,0,113,unoccupied_off
2025-04-11 00:24:08,0,113,unoccupied_off
2025-04-11 00:24:08,0,113,unoccupied_off
2025-04-11 00:24:09,0,113,unoccupied_off
2025-04-11 00:24:09,0,113,unoccupied_off
2025-04-11 00:24:10,0,113,unoccupied_off
2025-04-11 00:24:10,0,113,unoccupied_off
2025-04-11 00:24:11,0,113,unoccupied_off
2025-04-11 00:24:11,0,113,unoccupied_off
2025-04-11 00:24:12,0,113,unoccupied_off
2025-04-11 00:24:12,0,113,unoccupied_off
2025-04-11 00:24:13,0,113,unoccupied_off
2025-04-11 00:24:13,0,113,unoccupied_off
2025-04-11 00:24:14,0,113,unoccupied_off
2025-04-11 00:24:14,0,113,unoccupied_off
2025-04-11 00:24:15,0,113,unoccupied_off
2025-04-11 00:24:15,0,113,unoccupied_off
2025-04-11 00:24:16,0,113,unoccupied_off
2025-04-11 00:24:16,0,113,unoccupied_off
2025-04-11 00:24:17,0,113,unoccupied_off
2025-04-11 00:24:17,0,113,unoccupied_off
2025-04-11 00:24:18,0,113,unoccupied_off
2025-04-11 00:24:18,0,113,unoccupied_off
2025-04-11 00:24:19,0,113,unoccupied_off
2025-04-11 00:24:19,0,113,unoccupied_off
2025-04-11 00:24:20,0,113,unoccupied_off
2025-04-11 00:24:20,0,113,unoccupied_off
2025-04-11 00:24:21,0,113,unoccupied_off
2025-04-11 00:24:21,0,113,unoccupied_off
2025-04-11 00:24:22,0,113,unoccupied_off
2025-04-11 00:24:22,0,113,unoccupied_off
2025-04-11 00:24:23,0,113,unoccupied_off
2025-04-11 00:24:23,0,113,unoccupied_off
2025-04-11 00:24:24,0,113,unoccupied_off
2025-04-11 00:24:24,0,134,unoccupied_off
2025-04-11 00:24:25,0,142,unoccupied_off
2025-04-11 00:24:25,0,153,unoccupied_off
2025-04-11 00:24:26,0,158,unoccupied_off
2025-04-11 00:24:26,0,167,unoccupied_off
2025-04-11 00:24:27,0,173,unoccupied_off
2025-04-11 00:24:27,0,168,unoccupied_off
2025-04-11 00:24:28,0,166,unoccupied_off
2025-04-11 00:24:28,0,165,unoccupied_off
2025-04-11 00:24:29,0,164,unoccupied_off
2025-04-11 00:24:30,0,164,unoccupied_off
2025-04-11 00:24:30,0,164,unoccupied_off
2025-04-11 00:24:31,0,164,unoccupied_off
2025-04-11 00:24:31,0,164,unoccupied_off
2025-04-11 00:24:32,0,164,unoccupied_off
2025-04-11 00:24:32,0,164,unoccupied_off
2025-04-11 00:24:33,0,164,unoccupied_off
2025-04-11 00:24:33,0,164,unoccupied_off
2025-04-11 00:24:34,0,164,unoccupied_off
2025-04-11 00:24:34,0,164,unoccupied_off
2025-04-11 00:24:35,0,163,unoccupied_off
2025-04-11 00:24:35,0,163,unoccupied_off
2025-04-11 00:24:36,0,160,unoccupied_off
2025-04-11 00:24:36,0,163,unoccupied_off
2025-04-11 00:24:37,0,164,unoccupied_off
2025-04-11 00:24:37,0,163,unoccupied_off
2025-04-11 00:24:38,0,164,unoccupied_off
2025-04-11 00:24:38,0,164,unoccupied_off
2025-04-11 00:24:39,0,164,unoccupied_off
2025-04-11 00:24:39,0,164,unoccupied_off
2025-04-11 00:24:40,0,164,unoccupied_off
2025-04-11 00:24:40,0,164,unoccupied_off
2025-04-11 00:24:41,0,164,unoccupied_off
2025-04-11 00:24:41,0,164,unoccupied_off
2025-04-11 00:24:42,0,164,unoccupied_off
2025-04-11 00:24:42,0,163,unoccupied_off
2025-04-11 00:24:43,0,162,unoccupied_off
2025-04-11 00:24:43,0,162,unoccupied_off
2025-04-11 00:24:44,0,162,unoccupied_off
2025-04-11 00:24:44,0,163,unoccupied_off
2025-04-11 00:24:45,0,163,unoccupied_off
2025-04-11 00:24:45,0,164,unoccupied_off
2025-04-11 00:24:46,0,164,unoccupied_off
2025-04-11 00:24:46,0,163,unoccupied_off
2025-04-11 00:24:47,0,164,unoccupied_off
2025-04-11 00:24:47,0,164,unoccupied_off
2025-04-11 00:24:48,0,164,unoccupied_off
2025-04-11 00:24:48,0,164,unoccupied_off
2025-04-11 00:24:49,0,164,unoccupied_off
2025-04-11 00:24:49,0,164,unoccupied_off
2025-04-11 00:24:50,0,164,unoccupied_off
2025-04-11 00:24:50,0,164,unoccupied_off
2025-04-11 00:24:51,0,164,unoccupied_off
2025-04-11 00:24:51,0,164,unoccupied_off
2025-04-11 00:24:52,0,164,unoccupied_off
2025-04-11 00:24:52,0,164,unoccupied_off
2025-04-11 00:24:53,0,164,unoccupied_off
2025-04-11 00:24:53,0,164,unoccupied_off
2025-04-11 00:24:54,0,164,unoccupied_off
2025-04-11 00:24:54,0,164,unoccupied_off
2025-04-11 00:24:55,0,138,unoccupied_off
2025-04-11 00:24:55,0,100,unoccupied_off
2025-04-11 00:24:56,0,97,unoccupied_off
2025-04-11 00:24:56,0,97,unoccupied_off
2025-04-11 00:24:57,0,97,unoccupied_off
2025-04-11 00:24:57,0,97,unoccupied_off
2025-04-11 00:24:58,0,97,unoccupied_off
2025-04-11 00:24:58,0,97,unoccupied_off
2025-04-11 00:24:59,0,97,unoccupied_off
2025-04-11 00:24:59,0,97,unoccupied_off
2025-04-11 00:25:00,0,97,unoccupied_off
2025-04-11 00:25:00,0,97,unoccupied_off
2025-04-11 00:25:01,0,97,unoccupied_off
2025-04-11 00:25:01,0,97,unoccupied_off
2025-04-11 00:25:02,0,97,unoccupied_off
2025-04-11 00:25:02,0,97,unoccupied_off
2025-04-11 00:25:03,0,97,unoccupied_off
2025-04-11 00:25:03,0,97,unoccupied_off
2025-04-11 00:25:04,0,97,unoccupied_off
2025-04-11 00:25:04,0,96,unoccupied_off
2025-04-11 00:25:05,0,97,unoccupied_off
2025-04-11 00:25:05,0,96,unoccupied_off
2025-04-11 00:25:06,0,96,unoccupied_off
2025-04-11 00:25:06,0,97,unoccupied_off
2025-04-11 00:25:07,0,97,unoccupied_off
2025-04-11 00:25:07,0,97,unoccupied_off
2025-04-11 00:25:08,0,96,unoccupied_off
2025-04-11 00:25:08,0,97,unoccupied_off
2025-04-11 00:25:09,0,96,unoccupied_off
2025-04-11 00:25:09,0,97,unoccupied_off
2025-04-11 00:25:10,0,97,unoccupied_off
2025-04-11 00:25:10,0,97,unoccupied_off
2025-04-11 00:25:11,0,97,unoccupied_off
2025-04-11 00:25:11,0,97,unoccupied_off
2025-04-11 00:25:12,0,97,unoccupied_off
2025-04-11 00:25:12,0,97,unoccupied_off
2025-04-11 00:25:13,0,96,unoccupied_off
2025-04-11 00:25:13,0,81,unoccupied_off
2025-04-11 00:25:14,0,79,unoccupied_off
2025-04-11 00:25:14,0,79,unoccupied_off
2025-04-11 00:25:15,0,79,unoccupied_off
2025-04-11 00:25:15,0,79,unoccupied_off
2025-04-11 00:25:16,0,79,unoccupied_off
2025-04-11 00:25:16,0,79,unoccupied_off
2025-04-11 00:25:17,0,79,unoccupied_off
2025-04-11 00:25:17,0,79,unoccupied_off
2025-04-11 00:25:18,0,79,unoccupied_off
2025-04-11 00:25:18,0,79,unoccupied_off
2025-04-11 00:25:19,0,79,unoccupied_off
2025-04-11 00:25:19,0,79,unoccupied_off
2025-04-11 00:25:20,0,79,unoccupied_off
2025-04-11 00:25:20,0,79,unoccupied_off
2025-04-11 00:25:21,0,79,unoccupied_off
2025-04-11 00:25:21,0,79,unoccupied_off
2025-04-11 00:25:22,0,79,unoccupied_off
2025-04-11 00:25:22,0,79,unoccupied_off
2025-04-11 00:25:23,0,79,unoccupied_off
2025-04-11 00:25:23,0,79,unoccupied_off
2025-04-11 00:25:24,0,79,unoccupied_off
2025-04-11 00:25:24,0,79,unoccupied_off
2025-04-11 00:25:25,0,79,unoccupied_off
2025-04-11 00:25:25,0,79,unoccupied_off
2025-04-11 00:25:26,0,79,unoccupied_off
2025-04-11 00:25:26,0,79,unoccupied_off
2025-04-11 00:25:27,0,79,unoccupied_off
2025-04-11 00:25:27,0,79,unoccupied_off
2025-04-11 00:25:28,0,79,unoccupied_off
2025-04-11 00:25:28,0,79,unoccupied_off
2025-04-11 00:25:29,0,79,unoccupied_off
2025-04-11 00:25:29,0,79,unoccupied_off
2025-04-11 00:25:30,0,79,unoccupied_off
2025-04-11 00:25:30,0,79,unoccupied_off
2025-04-11 00:25:31,0,79,unoccupied_off
2025-04-11 00:25:31,0,79,unoccupied_off
2025-04-11 00:25:32,0,79,unoccupied_off
2025-04-11 00:25:33,0,79,unoccupied_off
2025-04-11 00:25:33,0,79,unoccupied_off
2025-04-11 00:25:34,0,79,unoccupied_off
2025-04-11 00:25:34,0,79,unoccupied_off
2025-04-11 00:25:35,0,79,unoccupied_off
2025-04-11 00:25:35,0,79,unoccupied_off
2025-04-11 00:25:36,0,79,unoccupied_off
2025-04-11 00:25:36,0,79,unoccupied_off
2025-04-11 00:25:37,0,80,unoccupied_off
2025-04-11 00:25:37,0,79,unoccupied_off
2025-04-11 00:25:38,0,79,unoccupied_off
2025-04-11 00:25:38,0,79,unoccupied_off
2025-04-11 00:25:39,0,79,unoccupied_off
2025-04-11 00:25:39,0,79,unoccupied_off
2025-04-11 00:25:40,0,79,unoccupied_off
2025-04-11 00:25:40,0,79,unoccupied_off
2025-04-11 00:25:41,0,79,unoccupied_off
2025-04-11 00:25:41,0,79,unoccupied_off
2025-04-11 00:25:42,0,80,unoccupied_off
2025-04-11 00:25:42,0,80,unoccupied_off
2025-04-11 00:25:43,0,80,unoccupied_off
2025-04-11 00:25:43,0,80,unoccupied_off
2025-04-11 00:25:44,0,80,unoccupied_off
2025-04-11 00:25:44,0,80,unoccupied_off
2025-04-11 00:25:45,0,80,unoccupied_off
2025-04-11 00:25:45,0,80,unoccupied_off
2025-04-11 00:25:46,0,79,unoccupied_off
2025-04-11 00:25:46,0,79,unoccupied_off
2025-04-11 00:25:47,0,79,unoccupied_off
2025-04-11 00:25:47,0,79,unoccupied_off
2025-04-11 00:25:48,0,79,unoccupied_off
2025-04-11 00:25:48,0,78,unoccupied_off
2025-04-11 00:25:49,0,79,unoccupied_off
2025-04-11 00:25:49,0,79,unoccupied_off
2025-04-11 00:25:50,0,80,unoccupied_off
2025-04-11 00:25:50,0,79,unoccupied_off
2025-04-11 00:25:51,0,79,unoccupied_off
2025-04-11 00:25:51,0,79,unoccupied_off
2025-04-11 00:25:52,0,79,unoccupied_off
2025-04-11 00:25:52,0,80,unoccupied_off
2025-04-11 00:25:53,0,79,unoccupied_off
2025-04-11 00:25:53,0,80,unoccupied_off
2025-04-11 00:25:54,0,80,unoccupied_off
2025-04-11 00:25:54,0,79,unoccupied_off
2025-04-11 00:25:55,0,80,unoccupied_off
2025-04-11 00:25:55,0,79,unoccupied_off
2025-04-11 00:25:56,0,79,unoccupied_off
2025-04-11 00:25:56,0,79,unoccupied_off
2025-04-11 00:25:57,0,79,unoccupied_off
2025-04-11 00:25:57,0,79,unoccupied_off
2025-04-11 00:25:58,0,79,unoccupied_off
2025-04-11 00:25:58,0,79,unoccupied_off
2025-04-11 00:25:59,0,79,unoccupied_off
2025-04-11 00:25:59,0,79,unoccupied_off
2025-04-11 00:26:00,0,80,unoccupied_off
2025-04-11 00:26:00,0,80,unoccupied_off
2025-04-11 00:26:01,0,80,unoccupied_off
2025-04-11 00:26:01,0,80,unoccupied_off
2025-04-11 00:26:02,0,80,unoccupied_off
2025-04-11 00:26:02,0,80,unoccupied_off
2025-04-11 00:26:03,0,80,unoccupied_off
2025-04-11 00:26:03,0,80,unoccupied_off
2025-04-11 00:26:04,0,80,unoccupied_off
2025-04-11 00:26:04,0,79,unoccupied_off
2025-04-11 00:26:05,0,80,unoccupied_off
2025-04-11 00:26:05,0,80,unoccupied_off
2025-04-11 00:26:06,0,80,unoccupied_off
2025-04-11 00:26:06,0,80,unoccupied_off
2025-04-11 00:26:07,0,79,unoccupied_off
2025-04-11 00:26:07,0,80,unoccupied_off
2025-04-11 00:26:08,0,80,unoccupied_off
2025-04-11 00:26:08,0,80,unoccupied_off
2025-04-11 00:26:09,0,80,unoccupied_off
2025-04-11 00:26:09,0,80,unoccupied_off
2025-04-11 00:26:10,0,80,unoccupied_off
2025-04-11 00:26:10,0,80,unoccupied_off
2025-04-11 00:26:11,0,83,unoccupied_off
2025-04-11 00:26:11,0,85,unoccupied_off
2025-04-11 00:26:12,0,85,unoccupied_off
2025-04-11 00:26:12,0,85,unoccupied_off
2025-04-11 00:26:13,0,85,unoccupied_off
2025-04-11 00:26:13,0,85,unoccupied_off
2025-04-11 00:26:14,0,85,unoccupied_off
2025-04-11 00:26:14,0,85,unoccupied_off
2025-04-11 00:26:15,0,84,unoccupied_off
2025-04-11 00:26:15,0,84,unoccupied_off
2025-04-11 00:26:16,0,84,unoccupied_off
2025-04-11 00:26:16,0,84,unoccupied_off
2025-04-11 00:26:17,0,84,unoccupied_off
2025-04-11 00:26:17,0,84,unoccupied_off
2025-04-11 00:26:18,0,85,unoccupied_off
2025-04-11 00:26:18,0,84,unoccupied_off
2025-04-11 00:26:19,0,84,unoccupied_off
2025-04-11 00:26:19,0,84,unoccupied_off
2025-04-11 00:26:20,0,84,unoccupied_off
2025-04-11 00:26:20,0,84,unoccupied_off
2025-04-11 00:26:21,0,84,unoccupied_off
2025-04-11 00:26:21,0,82,unoccupied_off
2025-04-11 00:26:22,0,82,unoccupied_off
2025-04-11 00:26:22,0,83,unoccupied_off
2025-04-11 00:26:23,0,83,unoccupied_off
2025-04-11 00:26:23,0,84,unoccupied_off
2025-04-11 00:26:24,0,84,unoccupied_off
2025-04-11 00:26:24,0,84,unoccupied_off
2025-04-11 00:26:25,0,84,unoccupied_off
2025-04-11 00:26:25,0,85,unoccupied_off
2025-04-11 00:26:26,0,84,unoccupied_off
2025-04-11 00:26:26,0,76,unoccupied_off
2025-04-11 00:26:27,0,47,unoccupied_off
2025-04-11 00:26:27,0,18,unoccupied_off
2025-04-11 00:26:28,0,19,unoccupied_off
2025-04-11 00:26:28,0,20,unoccupied_off
2025-04-11 00:26:29,0,20,unoccupied_off
2025-04-11 00:26:29,0,20,unoccupied_off
2025-04-11 00:26:30,0,20,unoccupied_off
2025-04-11 00:26:30,0,20,unoccupied_off
